Id,Price
7479,9224.0
7480,4835.99
7481,9870.43
7482,26216.28
7483,27363.98
7484,16150.0
7485,15814.36
7486,21682.04
7487,2358.49
7488,10002.0
7489,10826.0
7490,26308.99
7491,14146.48
7492,10715.83
7493,6851.47
7494,4005.0
7495,3867.0
7496,11856.98
7497,7308.47
7498,6356.0
7499,17196.0
7500,2089.97
7501,36166.96
7502,9782.0
7503,14699.0
7504,47851.99
7505,23946.9
7506,11914.0
7507,12090.0
7508,22977.38
7509,2456.99
7510,3029.0
7511,4495.5
7512,6040.97
7513,6399.99
7514,8766.5
7515,13376.0
7516,19823.82
7517,14336.83
7518,5390.39
7519,10011.3
7520,6132.4
7521,7271.0
7522,11271.0
7523,3073.65
7524,16422.47
7525,10968.5
7526,16518.99
7527,2504.0
7528,48686.99
7529,16210.5
7530,20457.94
7531,19503.49
7532,28924.83
7533,23233.48
7534,5811.49
7535,8611.5
7536,13532.0
7537,33403.99
7538,15574.61
7539,17126.34
7540,12262.0
7541,48900.57
7542,2331.5
7543,19635.45
7544,24241.9
7545,28699.49
7546,18187.34
7547,16866.99
7548,12804.99
7549,34997.69
7550,1703.47
7551,13363.96
7552,5407.49
7553,12866.88
7554,12844.0
7555,2576.98
7556,8942.48
7557,2560.5
7558,30951.0
7559,8006.0
7560,7479.5
7561,3918.5
7562,2628.1
7563,2691.5
7564,5367.29
7565,27097.0
7566,2149.0
7567,20487.89
7568,2673.75
7569,18193.6
7570,19423.0
7571,4637.5
7572,8774.9
7573,16036.47
7574,3603.77
7575,3265.5
7576,12715.46
7577,40699.98
7578,21344.5
7579,15371.99
7580,7239.5
7581,5499.6
7582,37741.27
7583,22905.49
7584,1821.99
7585,19045.99
7586,3360.19
7587,10755.5
7588,14162.99
7589,2963.99
7590,13364.99
7591,2944.1
7592,2391.48
7593,2164.78
7594,14741.99
7595,4629.0
7596,10141.5
7597,9732.48
7598,6810.88
7599,6755.5
7600,10407.98
7601,1942.78
7602,2874.99
7603,8087.84
7604,8394.84
7605,4759.5
7606,15048.98
7607,8771.0
7608,31516.81
7609,18512.0
7610,13724.98
7611,21631.85
7612,7828.42
7613,4340.5
7614,12379.99
7615,4992.81
7616,23812.15
7617,11190.0
7618,15913.94
7619,9566.99
7620,7226.44
7621,16995.49
7622,3131.05
7623,21590.0
7624,9060.0
7625,32982.48
7626,17538.61
7627,12763.3
7628,20171.0
7629,26158.01
7630,19734.98
7631,20871.5
7632,23298.66
7633,25486.49
7634,13130.87
7635,2664.75
7636,9403.21
7637,30846.97
7638,6021.48
7639,8267.5
7640,22722.34
7641,1550.47
7642,21739.88
7643,33519.47
7644,15802.54
7645,13302.85
7646,24339.5
7647,83154.84
7648,15813.49
7649,16847.23
7650,3578.0
7651,2666.0
7652,5455.98
7653,8414.75
7654,46125.48
7655,13168.0
7656,1425.98
7657,4456.0
7658,2885.89
7659,7062.49
7660,11388.19
7661,23995.16
7662,19074.49
7663,14004.0
7664,7395.48
7665,14710.99
7666,1650.99
7667,8821.9
7668,2707.5
7669,5096.9
7670,13642.09
7671,15169.49
7672,7245.83
7673,2864.25
7674,6903.3
7675,4812.84
7676,26412.29
7677,18290.02
7678,50435.5
7679,7633.34
7680,32755.98
7681,1553.47
7682,13612.96
7683,4683.0
7684,12874.49
7685,2088.48
7686,6339.77
7687,3492.0
7688,2924.43
7689,2012.5
7690,15607.99
7691,47998.45
7692,18401.99
7693,15172.98
7694,18974.5
7695,13938.48
7696,21806.12
7697,3997.89
7698,64976.99
7699,34005.5
7700,12920.97
7701,27713.39
7702,16507.66
7703,7154.5
7704,15267.5
7705,69803.5
7706,10345.99
7707,25140.48
7708,22065.17
7709,4388.0
7710,10043.5
7711,9887.99
7712,5130.84
7713,6852.5
7714,43095.48
7715,21563.39
7716,13294.99
7717,2922.97
7718,5569.2
7719,9318.0
7720,11309.84
7721,7527.99
7722,32738.34
7723,10301.0
7724,20908.88
7725,21287.85
7726,23582.14
7727,9469.0
7728,2337.0
7729,27807.99
7730,30002.6
7731,14555.94
7732,50735.47
7733,13014.97
7734,5014.0
7735,2339.78
7736,35846.17
7737,16104.47
7738,1558.49
7739,17885.04
7740,18774.45
7741,19364.91
7742,24393.41
7743,7709.22
7744,16012.0
7745,2331.62
7746,33521.47
7747,8644.48
7748,19855.0
7749,9420.99
7750,30814.13
7751,12266.98
7752,60888.5
7753,14866.0
7754,7192.48
7755,9791.01
7756,3676.49
7757,27247.1
7758,23863.89
7759,16622.47
7760,8352.36
7761,15404.91
7762,12955.99
7763,2049.49
7764,15325.05
7765,2353.0
7766,4356.83
7767,71718.5
7768,2012.5
7769,17753.0
7770,16717.0
7771,3900.5
7772,18796.99
7773,6311.49
7774,30119.47
7775,5869.05
7776,3048.6
7777,3769.8
7778,6954.4
7779,14802.5
7780,26102.94
7781,12648.51
7782,5323.5
7783,14097.24
7784,21811.98
7785,2268.49
7786,17365.99
7787,12050.3
7788,2345.8
7789,2819.49
7790,14884.28
7791,22652.76
7792,5435.5
7793,4639.0
7794,1706.84
7795,14524.49
7796,4300.0
7797,3635.99
7798,9027.65
7799,9877.5
7800,22351.01
7801,57460.68
7802,22935.99
7803,24044.27
7804,12878.48
7805,8805.31
7806,15011.0
7807,20990.78
7808,18051.99
7809,25430.48
7810,34377.84
7811,9906.2
7812,15018.0
7813,8131.9
7814,7572.95
7815,19551.84
7816,15576.99
7817,4568.0
7818,17780.0
7819,27341.46
7820,18358.74
7821,2319.1
7822,1575.99
7823,8915.5
7824,2237.48
7825,14154.74
7826,9730.46
7827,4603.48
7828,8182.67
7829,3957.98
7830,31917.84
7831,27379.48
7832,4152.0
7833,8981.02
7834,26458.42
7835,2616.49
7836,1785.0
7837,9160.0
7838,6300.99
7839,10771.5
7840,3537.0
7841,16342.7
7842,9204.0
7843,2471.97
7844,24638.95
7845,3197.44
7846,45457.28
7847,16050.24
7848,8605.58
7849,4000.0
7850,12549.5
7851,8107.98
7852,15945.93
7853,20700.84
7854,20312.41
7855,2805.0
7856,8122.5
7857,2188.5
7858,13013.49
7859,3725.47
7860,22061.48
7861,7058.03
7862,16668.5
7863,4523.15
7864,12286.99
7865,28487.22
7866,14721.48
7867,8654.64
7868,9233.99
7869,19668.41
7870,20965.99
7871,15617.5
7872,6961.99
7873,10126.0
7874,3776.5
7875,23777.4
7876,3961.47
7877,20541.83
7878,24536.92
7879,9411.0
7880,9365.0
7881,4762.99
7882,9642.99
7883,7337.47
7884,4943.5
7885,26800.71
7886,1704.49
7887,3623.6
7888,14687.65
7889,7620.0
7890,13492.5
7891,8492.0
7892,2766.98
7893,32162.98
7894,5544.48
7895,5359.34
7896,3557.75
7897,4030.5
7898,16891.01
7899,15483.95
7900,12861.99
7901,2570.28
7902,21287.49
7903,29592.44
7904,12273.08
7905,9616.5
7906,24477.91
7907,5545.5
7908,8575.96
7909,6679.49
7910,17194.49
7911,8523.0
7912,5335.0
7913,17422.89
7914,36108.99
7915,5012.96
7916,5226.3
7917,21313.99
7918,5874.0
7919,19356.23
7920,8950.5
7921,10579.57
7922,6808.49
7923,45033.88
7924,2442.98
7925,6608.0
7926,3198.97
7927,6580.12
7928,7601.51
7929,1578.35
7930,68154.29
7931,13616.48
7932,14961.37
7933,2296.0
7934,9076.5
7935,31982.0
7936,10725.89
7937,5621.49
7938,12879.45
7939,1901.98
7940,4994.99
7941,19346.48
7942,15734.3
7943,27652.5
7944,16206.49
7945,11781.98
7946,2440.48
7947,7880.99
7948,10975.5
7949,4620.5
7950,13375.19
7951,26242.4
7952,1980.28
7953,3973.17
7954,3899.0
7955,5192.46
7956,11793.5
7957,39139.61
7958,15483.31
7959,27038.47
7960,24595.97
7961,6781.62
7962,2513.5
7963,59861.46
7964,28982.71
7965,2998.98
7966,22644.99
7967,10383.5
7968,39525.95
7969,30525.99
7970,12185.56
7971,12556.0
7972,4902.9
7973,6504.1
7974,3434.0
7975,33695.57
7976,23181.97
7977,3205.0
7978,5755.99
7979,2067.48
7980,15201.44
7981,38793.46
7982,17052.03
7983,16577.27
7984,16619.49
7985,36315.51
7986,28710.84
7987,9430.0
7988,7680.95
7989,7915.49
7990,138230.16
7991,7094.0
7992,18656.98
7993,45706.99
7994,10765.5
7995,1734.98
7996,10656.77
7997,2857.5
7998,6811.83
7999,18571.47
8000,3469.6
8001,31810.5
8002,1845.0
8003,9045.99
8004,17348.5
8005,8679.5
8006,17372.0
8007,11786.01
8008,37765.98
8009,21810.47
8010,8389.5
8011,22959.41
8012,3597.47
8013,9084.0
8014,10799.48
8015,24247.0
8016,8292.93
8017,18831.0
8018,10773.99
8019,3361.48
8020,30847.99
8021,4398.0
8022,10176.73
8023,2183.44
8024,8308.08
8025,20201.0
8026,5738.32
8027,15841.36
8028,3791.48
8029,11624.34
8030,65638.87
8031,2588.48
8032,5777.32
8033,3096.8
8034,15075.5
8035,30855.5
8036,20824.97
8037,4832.48
8038,2105.47
8039,1814.49
8040,13984.51
8041,8526.5
8042,8397.83
8043,30697.33
8044,4379.0
8045,15130.08
8046,11017.66
8047,9210.86
8048,19631.98
8049,7892.83
8050,4547.5
8051,3902.5
8052,14194.48
8053,19413.98
8054,17629.37
8055,14685.5
8056,14452.87
8057,40576.99
8058,23315.08
8059,20710.48
8060,3727.5
8061,44259.98
8062,8030.33
8063,11740.98
8064,41682.34
8065,5217.29
8066,31065.99
8067,8611.34
8068,15489.0
8069,65169.5
8070,17043.48
8071,2159.47
8072,7822.51
8073,4411.89
8074,11704.5
8075,18119.5
8076,39851.67
8077,2935.79
8078,4775.5
8079,23128.96
8080,39506.44
8081,22330.09
8082,4899.49
8083,31915.3
8084,2813.96
8085,26371.84
8086,11387.99
8087,21833.0
8088,2897.78
8089,2164.49
8090,6365.89
8091,8852.49
8092,2820.98
8093,8439.84
8094,15776.5
8095,11712.54
8096,16057.0
8097,16852.43
8098,9340.49
8099,17080.48
8100,49472.77
8101,3279.75
8102,21990.78
8103,2408.48
8104,18253.5
8105,9377.05
8106,20771.99
8107,17458.98
8108,25523.49
8109,18903.88
8110,20859.81
8111,4029.5
8112,6976.5
8113,18408.48
8114,48194.99
8115,31426.44
8116,33230.98
8117,38637.99
8118,10086.5
8119,3578.5
8120,24272.19
8121,23620.5
8122,2224.0
8123,18024.2
8124,3926.5
8125,2037.0
8126,22075.79
8127,14308.99
8128,4786.0
8129,17660.0
8130,13158.98
8131,11830.97
8132,3092.84
8133,10359.98
8134,8678.4
8135,7060.5
8136,3356.5
8137,24511.47
8138,7573.0
8139,3005.99
8140,7794.51
8141,20454.24
8142,37292.25
8143,56147.51
8144,20002.49
8145,14101.0
8146,25068.01
8147,6086.5
8148,19173.65
8149,2909.98
8150,34363.4
8151,2778.98
8152,3600.0
8153,6671.5
8154,4231.0
8155,10838.5
8156,40962.0
8157,71582.49
8158,16273.49
8159,2885.84
8160,2727.53
8161,34592.23
8162,10495.99
8163,6531.79
8164,6611.67
8165,4921.5
8166,19057.77
8167,21469.88
8168,5874.47
8169,22464.0
8170,10696.96
8171,16743.48
8172,4036.49
8173,6497.5
8174,3588.0
8175,12489.48
8176,36397.97
8177,17650.98
8178,12190.16
8179,3428.33
8180,5974.6
8181,3148.5
8182,3752.0
8183,27283.98
8184,5018.84
8185,3266.98
8186,11991.0
8187,9090.49
8188,5362.84
8189,4544.0
8190,10761.5
8191,2797.42
8192,15405.0
8193,16457.95
8194,2467.49
8195,16370.0
8196,3394.99
8197,10467.97
8198,12530.0
8199,14761.34
8200,5821.82
8201,8001.0
8202,19066.49
8203,21826.86
8204,23301.47
8205,17244.5
8206,4991.25
8207,12145.0
8208,15509.12
8209,14820.48
8210,17097.49
8211,3563.96
8212,9499.49
8213,25056.99
8214,17889.48
8215,2288.48
8216,21954.5
8217,12749.97
8218,6952.26
8219,11699.84
8220,2249.49
8221,15283.99
8222,7299.5
8223,19216.48
8224,8323.5
8225,15857.41
8226,10042.45
8227,17738.5
8228,23659.0
8229,3352.43
8230,23856.0
8231,6166.87
8232,6591.93
8233,2989.5
8234,35802.49
8235,43327.0
8236,11230.34
8237,16009.52
8238,11268.02
8239,2717.5
8240,3526.49
8241,28260.49
8242,5224.98
8243,13574.0
8244,14161.5
8245,3410.0
8246,26666.94
8247,9990.36
8248,16503.44
8249,10618.99
8250,2409.0
8251,25345.99
8252,13764.0
8253,3062.75
8254,28005.88
8255,50287.3
8256,2589.99
8257,7792.0
8258,13356.5
8259,45597.5
8260,2532.5
8261,19566.57
8262,10219.9
8263,16753.0
8264,13613.45
8265,17483.29
8266,27032.0
8267,3250.5
8268,20793.01
8269,15087.98
8270,1711.98
8271,11203.96
8272,2114.7
8273,9195.0
8274,19739.6
8275,11835.99
8276,12523.99
8277,3196.83
8278,16954.0
8279,9793.0
8280,29651.49
8281,2456.5
8282,15616.5
8283,22738.31
8284,14257.38
8285,28530.99
8286,3363.36
8287,14210.98
8288,15971.57
8289,3014.8
8290,16800.97
8291,12594.65
8292,4630.49
8293,62695.97
8294,21628.49
8295,40597.0
8296,7516.0
8297,28954.0
8298,13704.72
8299,3036.8
8300,7881.48
8301,3678.5
8302,20971.58
8303,1812.47
8304,22245.24
8305,20404.99
8306,17727.77
8307,9383.96
8308,10456.0
8309,10685.84
8310,12634.0
8311,19585.99
8312,14865.96
8313,6377.48
8314,1670.99
8315,6822.5
8316,39903.96
8317,11960.68
8318,16212.78
8319,21319.53
8320,9678.5
8321,6018.49
8322,1966.96
8323,18709.48
8324,4025.5
8325,25472.48
8326,14600.03
8327,7292.5
8328,12124.0
8329,7478.99
8330,9647.63
8331,10045.99
8332,7621.28
8333,12718.99
8334,7796.99
8335,10605.5
8336,33208.47
8337,24478.31
8338,5558.48
8339,32823.13
8340,8402.5
8341,3576.47
8342,1826.48
8343,13011.0
8344,3799.5
8345,5898.96
8346,19096.66
8347,1794.49
8348,22627.46
8349,4306.5
8350,4110.49
8351,4247.08
8352,3438.5
8353,1981.2
8354,3423.0
8355,17370.46
8356,9081.0
8357,3679.5
8358,21651.99
8359,4331.99
8360,4354.0
8361,13598.98
8362,34541.26
8363,19014.88
8364,9688.0
8365,20387.97
8366,29519.46
8367,8854.47
8368,10779.99
8369,18168.47
8370,12856.91
8371,31290.38
8372,52316.98
8373,3851.49
8374,3319.0
8375,17146.01
8376,22121.44
8377,27211.92
8378,42977.41
8379,14214.9
8380,11571.19
8381,6085.97
8382,2226.97
8383,5156.0
8384,6811.3
8385,32386.63
8386,8329.99
8387,2878.3
8388,34797.0
8389,2327.99
8390,5370.37
8391,30096.95
8392,8735.99
8393,6397.97
8394,11746.26
8395,13361.0
8396,7359.38
8397,1907.5
8398,17039.66
8399,20800.41
8400,8437.9
8401,19075.97
8402,13923.42
8403,2095.49
8404,5485.34
8405,31037.84
8406,10298.0
8407,6230.39
8408,6788.38
8409,10000.98
8410,19508.92
8411,7305.0
8412,10564.49
8413,5425.5
8414,14868.0
8415,21360.5
8416,10915.98
8417,4883.24
8418,16800.49
8419,12038.5
8420,18065.5
8421,10480.5
8422,3053.5
8423,3220.48
8424,9594.86
8425,2419.48
8426,2561.5
8427,3345.5
8428,5700.82
8429,19727.46
8430,3158.38
8431,24672.94
8432,14652.01
8433,10566.48
8434,2035.1
8435,4051.99
8436,8191.0
8437,26555.44
8438,17874.5
8439,13399.48
8440,15772.98
8441,7456.84
8442,16812.99
8443,11210.0
8444,16374.0
8445,22825.5
8446,36457.5
8447,3884.47
8448,4478.0
8449,2877.5
8450,7433.98
8451,7238.49
8452,32581.98
8453,3028.49
8454,13701.99
8455,12374.84
8456,28048.96
8457,25026.49
8458,25224.98
8459,21759.43
8460,22533.47
8461,24968.0
8462,9047.49
8463,2324.98
8464,12002.12
8465,5247.05
8466,12896.33
8467,4395.0
8468,17459.9
8469,6881.08
8470,17218.69
8471,13829.33
8472,8352.0
8473,14341.29
8474,6257.0
8475,2558.47
8476,12469.68
8477,14442.46
8478,49216.0
8479,10411.5
8480,6072.0
8481,32628.92
8482,13229.0
8483,11164.39
8484,2514.5
8485,14497.0
8486,18852.81
8487,8282.5
8488,7772.0
8489,26088.5
8490,2301.99
8491,13273.36
8492,4804.44
8493,45474.95
8494,17633.6
8495,29243.99
8496,24197.0
8497,3360.0
8498,14042.26
8499,22835.09
8500,6230.0
8501,48895.49
8502,3752.5
8503,2730.49
8504,10728.74
8505,21907.99
8506,14098.96
8507,3296.49
8508,27190.34
8509,7835.0
8510,12481.96
8511,24064.48
8512,14514.97
8513,2094.98
8514,9308.5
8515,26458.46
8516,4418.98
8517,3972.5
8518,10077.92
8519,12100.68
8520,9055.5
8521,14537.42
8522,8077.97
8523,12165.5
8524,9137.53
8525,6588.01
8526,19268.0
8527,14418.0
8528,30059.04
8529,4324.0
8530,6034.5
8531,20891.98
8532,8215.9
8533,25427.98
8534,13261.49
8535,11314.0
8536,3433.25
8537,2100.49
8538,2818.5
8539,3499.48
8540,33452.49
8541,2173.0
8542,6979.0
8543,13275.0
8544,60832.47
8545,5916.0
8546,12564.97
8547,22429.95
8548,8691.0
8549,14987.95
8550,31212.11
8551,17944.39
8552,25747.0
8553,14593.46
8554,4170.5
8555,4584.0
8556,16486.5
8557,17085.5
8558,3407.97
8559,4803.0
8560,12797.5
8561,9754.48
8562,15662.73
8563,70344.99
8564,15852.83
8565,3039.99
8566,12552.98
8567,8156.0
8568,3138.48
8569,13775.8
8570,27556.51
8571,6388.99
8572,5916.5
8573,4787.0
8574,21840.67
8575,9951.99
8576,3839.5
8577,13844.47
8578,6693.0
8579,8989.0
8580,19758.84
8581,20850.95
8582,2050.5
8583,19223.94
8584,3450.99
8585,8419.98
8586,27087.9
8587,12860.5
8588,8152.02
8589,16947.64
8590,3425.0
8591,19212.74
8592,24725.87
8593,13259.48
8594,7887.46
8595,16693.66
8596,5136.4
8597,3837.0
8598,14426.71
8599,26110.49
8600,9121.49
8601,30714.9
8602,9641.97
8603,53658.92
8604,3311.0
8605,5174.49
8606,24324.0
8607,9521.02
8608,16829.46
8609,12783.5
8610,8064.89
8611,14546.99
8612,11862.74
8613,11484.99
8614,6345.5
8615,1837.99
8616,1805.0
8617,21590.48
8618,21394.34
8619,25738.0
8620,21055.49
8621,20819.98
8622,2689.48
8623,10347.0
8624,3790.49
8625,36951.94
8626,13101.52
8627,12341.3
8628,7461.96
8629,5308.5
8630,3285.0
8631,40342.6
8632,39451.96
8633,6660.5
8634,8873.0
8635,23672.42
8636,5764.0
8637,9525.5
8638,15868.79
8639,3090.5
8640,12421.5
8641,24647.51
8642,12727.47
8643,12062.98
8644,22267.51
8645,2218.97
8646,27254.51
8647,1976.98
8648,29805.99
8649,33707.77
8650,13122.98
8651,5103.49
8652,4963.98
8653,47744.65
8654,3266.0
8655,13726.99
8656,13036.96
8657,14118.0
8658,16349.39
8659,19182.42
8660,2227.48
8661,25363.99
8662,17510.01
8663,18652.95
8664,5434.32
8665,17967.5
8666,11750.99
8667,12005.0
8668,3582.78
8669,6261.09
8670,31670.7
8671,1899.0
8672,1895.5
8673,14291.39
8674,33524.4
8675,2805.0
8676,11515.49
8677,12615.98
8678,13201.98
8679,19022.45
8680,2678.05
8681,31526.85
8682,13287.49
8683,7476.5
8684,10717.9
8685,10728.78
8686,108586.96
8687,46301.95
8688,24416.97
8689,48137.34
8690,11425.99
8691,51099.5
8692,14413.97
8693,42772.49
8694,17676.91
8695,7595.0
8696,21352.24
8697,3158.5
8698,13791.9
8699,13626.24
8700,5311.0
8701,8363.3
8702,10138.82
8703,20144.98
8704,7902.5
8705,2645.47
8706,7617.51
8707,18589.39
8708,14527.09
8709,19381.49
8710,6198.0
8711,30307.48
8712,3461.5
8713,2987.97
8714,9950.0
8715,4542.33
8716,8296.47
8717,23819.42
8718,10731.96
8719,14484.35
8720,11131.62
8721,28805.0
8722,8999.03
8723,2351.49
8724,11213.0
8725,23202.68
8726,2362.97
8727,10978.98
8728,26882.5
8729,10507.0
8730,26303.49
8731,26871.48
8732,1689.5
8733,16963.49
8734,44553.34
8735,40446.99
8736,15940.1
8737,14336.0
8738,8515.5
8739,3838.49
8740,16162.97
8741,7431.48
8742,12852.89
8743,21550.76
8744,44055.99
8745,2900.49
8746,8878.8
8747,16275.4
8748,2213.48
8749,15075.49
8750,23175.98
8751,10535.83
8752,20648.79
8753,14412.47
8754,1617.98
8755,15683.84
8756,15319.41
8757,4472.79
8758,3833.5
8759,31696.95
8760,9419.34
8761,2259.38
8762,26905.0
8763,9486.49
8764,5115.99
8765,39052.34
8766,5613.92
8767,19551.0
8768,9733.5
8769,36607.3
8770,7798.0
8771,15796.0
8772,47679.49
8773,1853.98
8774,8013.42
8775,2845.15
8776,4361.47
8777,16201.61
8778,8460.49
8779,7369.0
8780,2951.25
8781,25671.99
8782,1854.99
8783,31126.0
8784,27493.59
8785,9132.21
8786,5834.97
8787,4787.0
8788,14946.5
8789,9625.0
8790,28772.99
8791,10736.0
8792,3841.49
8793,2550.5
8794,10077.68
8795,8936.0
8796,2050.5
8797,18107.5
8798,11679.98
8799,4439.0
8800,2180.5
8801,36764.43
8802,3860.48
8803,17130.33
8804,81520.0
8805,4039.98
8806,14724.5
8807,8234.5
8808,11428.17
8809,2278.5
8810,25225.44
8811,12643.36
8812,32339.44
8813,7734.16
8814,11501.48
8815,31972.14
8816,29223.34
8817,7841.45
8818,3025.5
8819,17631.99
8820,11779.85
8821,12545.55
8822,8465.83
8823,187741.0
8824,8445.97
8825,8534.49
8826,3255.95
8827,11294.0
8828,56797.29
8829,8436.39
8830,60100.48
8831,18084.5
8832,3758.5
8833,2528.49
8834,38778.51
8835,6345.0
8836,16357.49
8837,15448.99
8838,15672.98
8839,50668.49
8840,15145.78
8841,14262.99
8842,25081.46
8843,12855.49
8844,2047.99
8845,2220.0
8846,26442.29
8847,3518.05
8848,16199.93
8849,3453.86
8850,2117.5
8851,20211.99
8852,12243.83
8853,12201.96
8854,2236.5
8855,13658.48
8856,5729.52
8857,17059.38
8858,21722.98
8859,37706.99
8860,14268.49
8861,11462.96
8862,3253.5
8863,15397.51
8864,9543.99
8865,5190.16
8866,3949.42
8867,48853.18
8868,13354.8
8869,33095.49
8870,15487.47
8871,16407.2
8872,5748.0
8873,33893.97
8874,9675.61
8875,2597.0
8876,2293.5
8877,10974.13
8878,4731.34
8879,2384.5
8880,45031.32
8881,2281.49
8882,16551.85
8883,1783.5
8884,18292.99
8885,7746.0
8886,10802.83
8887,7603.21
8888,17589.68
8889,49698.5
8890,16309.93
8891,4420.5
8892,7395.62
8893,3797.0
8894,2710.5
8895,5845.06
8896,26699.32
8897,3307.0
8898,2207.49
8899,5981.0
8900,2573.99
8901,36712.4
8902,8772.82
8903,5538.5
8904,13244.98
8905,8831.5
8906,21997.98
8907,19416.5
8908,12931.34
8909,14070.82
8910,24071.95
8911,59663.1
8912,2051.4
8913,22626.99
8914,16212.48
8915,3552.2
8916,19305.98
8917,12883.99
8918,20374.98
8919,26844.5
8920,2508.25
8921,5929.31
8922,9871.5
8923,12212.48
8924,8093.75
8925,19936.45
8926,11230.98
8927,1796.97
8928,27476.4
8929,11325.82
8930,19797.97
8931,6463.0
8932,8724.0
8933,44197.37
8934,4527.5
8935,17736.48
8936,12461.48
8937,2685.5
8938,17270.48
8939,21262.39
8940,5018.84
8941,14823.69
8942,11693.0
8943,10651.0
8944,15389.0
8945,9022.5
8946,5508.54
8947,8584.49
8948,13939.99
8949,8296.5
8950,14376.49
8951,2923.25
8952,10312.47
8953,8492.0
8954,16530.06
8955,7930.66
8956,10407.34
8957,11914.46
8958,7630.49
8959,8256.0
8960,6351.83
8961,17951.6
8962,15201.49
8963,4593.99
8964,21941.93
8965,22011.01
8966,27282.32
8967,11131.0
8968,25696.64
8969,23301.77
8970,26732.01
8971,8622.64
8972,13028.47
8973,23206.68
8974,2203.5
8975,20806.5
8976,11953.49
8977,7623.96
8978,2050.47
8979,19006.18
8980,3398.05
8981,48505.43
8982,16770.0
8983,15139.96
8984,33858.47
8985,2858.3
8986,70654.99
8987,7728.49
8988,17142.83
8989,36939.85
8990,8742.4
8991,14796.99
8992,9566.0
8993,2903.46
8994,9314.34
8995,1955.6
8996,2749.99
8997,3274.49
8998,3111.0
8999,21209.48
9000,21843.02
9001,30977.48
9002,12103.0
9003,16313.34
9004,8904.49
9005,27634.99
9006,3105.4
9007,5819.99
9008,2611.48
9009,3516.38
9010,7876.65
9011,28720.38
9012,23522.5
9013,27380.96
9014,8520.0
9015,5966.5
9016,2474.5
9017,37378.98
9018,35977.75
9019,12327.0
9020,2258.48
9021,21050.46
9022,15197.98
9023,14854.5
9024,29481.99
9025,10425.5
9026,15253.0
9027,12652.5
9028,6961.99
9029,33606.0
9030,7058.5
9031,16214.56
9032,1540.47
9033,11537.77
9034,46890.48
9035,10600.03
9036,28977.98
9037,11832.48
9038,9585.0
9039,13121.44
9040,17534.0
9041,2703.0
9042,5825.49
9043,21379.5
9044,9272.0
9045,10740.3
9046,31632.19
9047,2267.0
9048,6905.73
9049,11922.04
9050,37803.5
9051,31364.28
9052,3639.82
9053,27210.96
9054,32809.73
9055,18884.75
9056,26358.97
9057,7511.49
9058,21386.44
9059,2256.5
9060,20242.5
9061,2718.98
9062,11748.45
9063,7511.47
9064,26298.25
9065,1517.86
9066,7923.97
9067,10411.99
9068,27950.99
9069,3073.0
9070,24795.5
9071,23082.47
9072,13496.6
9073,20250.45
9074,2572.49
9075,4084.3
9076,4954.0
9077,8096.49
9078,34367.95
9079,53978.88
9080,5691.39
9081,32061.0
9082,3068.29
9083,26161.0
9084,22449.09
9085,30893.81
9086,10251.49
9087,19908.46
9088,6207.94
9089,6330.49
9090,3435.47
9091,1938.98
9092,15197.5
9093,17338.47
9094,38360.48
9095,9439.29
9096,16449.01
9097,7539.33
9098,3902.29
9099,15406.47
9100,26243.01
9101,14211.5
9102,5790.45
9103,40900.46
9104,59711.39
9105,3350.99
9106,9688.0
9107,28283.84
9108,28371.14
9109,2150.98
9110,3747.98
9111,13152.4
9112,8363.48
9113,1766.47
9114,13118.49
9115,3592.47
9116,13427.37
9117,4024.42
9118,17143.0
9119,3756.48
9120,11494.34
9121,8428.01
9122,11882.49
9123,240443.34
9124,6204.99
9125,8342.25
9126,3613.4
9127,19348.3
9128,27054.04
9129,7666.99
9130,18872.16
9131,3925.5
9132,25229.44
9133,27171.3
9134,21884.0
9135,11584.57
9136,3320.99
9137,4539.48
9138,6122.49
9139,5797.61
9140,1935.99
9141,4662.5
9142,9208.46
9143,25516.0
9144,3404.96
9145,6420.82
9146,31784.5
9147,7889.0
9148,10585.08
9149,21684.49
9150,26711.78
9151,44021.1
9152,14822.52
9153,9067.3
9154,16503.47
9155,25489.44
9156,12322.95
9157,12607.98
9158,12545.55
9159,1774.0
9160,23233.0
9161,1890.1
9162,38905.49
9163,10338.93
9164,17707.87
9165,32417.8
9166,25444.49
9167,2520.0
9168,9817.21
9169,15238.5
9170,7719.5
9171,8283.0
9172,28808.0
9173,2876.36
9174,4482.87
9175,22276.22
9176,8770.0
9177,2039.0
9178,2642.99
9179,25987.5
9180,29643.49
9181,8742.49
9182,6938.18
9183,12930.25
9184,21894.03
9185,22352.99
9186,23145.49
9187,6404.99
9188,13988.99
9189,9366.5
9190,15836.5
9191,86394.0
9192,33497.93
9193,9829.5
9194,3079.3
9195,8339.49
9196,3387.97
9197,4230.5
9198,23455.48
9199,7148.0
9200,11519.24
9201,9364.5
9202,22166.88
9203,24984.4
9204,11964.59
9205,35939.8
9206,13199.0
9207,8393.0
9208,1935.98
9209,13782.5
9210,1852.5
9211,19959.18
9212,6264.49
9213,20534.34
9214,15873.68
9215,21726.94
9216,23662.93
9217,26693.49
9218,8439.0
9219,2560.97
9220,14774.49
9221,31060.45
9222,33501.9
9223,8705.0
9224,22769.1
9225,3926.8
9226,3423.24
9227,7112.5
9228,20478.44
9229,25363.95
9230,29274.5
9231,14662.35
9232,33755.85
9233,18108.99
9234,57604.8
9235,9720.0
9236,11060.06
9237,21974.99
9238,2398.5
9239,17284.45
9240,8492.68
9241,24144.49
9242,12839.5
9243,11721.0
9244,14470.78
9245,13446.08
9246,13518.48
9247,9773.0
9248,5317.4
9249,32073.39
9250,2027.79
9251,7187.0
9252,7901.1
9253,11688.5
9254,3566.5
9255,12677.0
9256,18902.48
9257,13118.98
9258,12585.34
9259,2027.99
9260,17933.0
9261,9513.51
9262,8647.0
9263,8190.0
9264,16040.34
9265,8162.99
9266,19212.49
9267,20298.14
9268,7710.5
9269,14358.05
9270,22936.46
9271,3554.94
9272,33715.6
9273,19406.0
9274,3549.5
9275,69031.98
9276,9079.46
9277,6779.89
9278,11678.48
9279,7172.18
9280,8699.5
9281,9928.0
9282,17242.98
9283,5093.0
9284,3861.99
9285,23795.97
9286,56049.35
9287,7872.86
9288,10406.0
9289,86706.44
9290,7775.0
9291,2980.48
9292,8289.5
9293,12219.48
9294,45865.5
9295,7489.5
9296,14343.0
9297,7319.49
9298,4241.99
9299,12612.47
9300,2338.0
9301,18909.45
9302,1842.5
9303,2842.98
9304,9512.93
9305,3069.5
9306,37634.4
9307,5722.0
9308,32057.58
9309,2178.98
9310,2578.0
9311,2539.96
9312,13219.49
9313,13493.93
9314,3661.9
9315,3018.49
9316,2796.94
9317,7848.75
9318,11270.0
9319,14123.5
9320,5784.0
9321,7470.22
9322,79050.4
9323,27120.91
9324,14164.5
9325,20407.73
9326,2027.1
9327,68413.0
9328,17990.83
9329,16960.48
9330,25239.92
9331,28116.0
9332,13227.5
9333,9019.18
9334,10458.08
9335,33515.87
9336,16300.5
9337,3573.31
9338,20276.0
9339,41185.37
9340,2581.5
9341,2867.0
9342,13237.83
9343,3253.48
9344,42956.98
9345,28219.45
9346,17439.98
9347,5093.99
9348,9885.9
9349,33526.47
9350,12063.99
9351,4910.49
9352,2339.5
9353,10069.44
9354,24809.5
9355,6495.68
9356,9354.0
9357,3050.99
9358,19928.79
9359,6685.99
9360,51419.5
9361,14956.47
9362,26108.63
9363,29674.51
9364,5768.98
9365,10216.0
9366,23238.47
9367,19063.48
9368,3489.0
9369,25173.69
9370,12377.5
9371,24504.5
9372,2274.95
9373,17026.0
9374,44047.95
9375,5835.5
9376,9169.67
9377,18859.19
9378,41003.97
9379,25424.97
9380,25270.64
9381,12226.49
9382,8905.0
9383,11697.77
9384,7019.5
9385,21280.07
9386,2522.5
9387,6239.99
9388,5159.0
9389,17613.5
9390,5046.74
9391,31005.45
9392,19669.0
9393,18401.62
9394,17514.5
9395,4576.99
9396,26850.5
9397,34039.3
9398,2039.79
9399,10099.99
9400,32339.47
9401,17381.97
9402,18622.4
9403,6134.08
9404,19217.47
9405,9124.35
9406,7256.29
9407,3205.97
9408,29372.69
9409,19706.44
9410,6418.0
9411,19894.99
9412,5084.47
9413,1638.97
9414,33985.68
9415,9300.9
9416,14488.9
9417,3253.96
9418,1601.5
9419,4524.99
9420,14496.48
9421,5588.28
9422,22359.32
9423,8949.5
9424,2466.4
9425,3360.2
9426,3143.0
9427,8869.0
9428,4089.0
9429,17271.48
9430,6243.89
9431,7319.4
9432,49189.49
9433,17808.54
9434,4193.99
9435,7231.41
9436,19255.99
9437,5894.22
9438,2732.48
9439,16605.09
9440,41940.91
9441,11666.5
9442,4657.97
9443,6940.49
9444,10611.91
9445,21537.98
9446,21276.97
9447,15819.49
9448,10090.0
9449,7026.5
9450,25704.1
9451,28556.49
9452,14594.99
9453,16236.97
9454,2941.5
9455,2643.49
9456,14162.5
9457,2877.0
9458,16335.02
9459,67001.49
9460,7669.78
9461,2973.25
9462,14292.48
9463,24512.64
9464,14811.5
9465,9457.79
9466,18135.45
9467,3852.5
9468,7317.69
9469,7002.5
9470,11893.81
9471,15876.47
9472,29392.89
9473,1778.49
9474,9077.5
9475,3571.95
9476,9362.0
9477,13880.44
9478,35554.86
9479,3234.5
9480,2323.5
9481,3021.96
9482,15238.59
9483,27389.36
9484,28689.5
9485,6137.48
9486,20483.84
9487,23774.94
9488,17872.01
9489,6794.97
9490,8641.85
9491,17706.35
9492,7403.49
9493,27950.0
9494,16610.0
9495,23869.45
9496,5065.99
9497,2720.5
9498,8042.96
9499,6172.0
9500,15689.62
9501,2262.98
9502,7103.5
9503,16596.9
9504,20717.18
9505,5360.47
9506,13630.98
9507,33711.45
9508,2175.89
9509,5578.5
9510,9562.32
9511,7054.5
9512,2674.73
9513,1492.43
9514,16444.97
9515,27104.97
9516,8379.0
9517,1618.97
9518,34542.77
9519,4998.49
9520,3939.0
9521,13241.23
9522,43554.45
9523,5443.99
9524,23995.16
9525,27088.29
9526,18001.49
9527,2537.5
9528,20250.48
9529,20620.96
9530,15992.74
9531,2187.0
9532,38003.5
9533,7018.38
9534,18366.7
9535,2328.97
9536,1818.98
9537,14424.32
9538,14657.34
9539,3148.96
9540,6708.07
9541,14598.0
9542,16594.8
9543,19513.67
9544,6448.5
9545,9601.96
9546,6491.99
9547,9580.33
9548,4508.99
9549,23983.0
9550,6751.8
9551,17656.59
9552,8791.5
9553,2657.96
9554,15185.24
9555,14310.06
9556,17856.5
9557,32699.5
9558,8006.99
9559,15306.73
9560,13121.0
9561,12729.48
9562,8064.99
9563,14180.5
9564,2115.99
9565,3741.5
9566,55549.46
9567,17321.13
9568,14849.45
9569,20944.09
9570,11238.5
9571,13025.62
9572,7498.33
9573,7242.48
9574,8192.5
9575,4432.0
9576,30660.47
9577,30924.04
9578,11428.72
9579,4175.48
9580,44177.97
9581,25747.5
9582,17946.64
9583,3636.99
9584,9576.27
9585,10289.96
9586,2800.98
9587,13518.48
9588,4776.49
9589,4106.6
9590,2087.98
9591,13703.49
9592,2418.5
9593,15453.5
9594,8074.0
9595,18819.87
9596,4836.5
9597,9854.97
9598,9249.5
9599,15239.18
9600,5986.96
9601,40443.96
9602,12590.48
9603,21924.77
9604,8081.5
9605,8878.32
9606,5863.99
9607,24329.99
9608,3086.0
9609,9192.98
9610,31925.79
9611,13181.67
9612,3161.68
9613,6518.46
9614,30095.34
9615,21148.98
9616,32278.0
9617,1597.47
9618,8056.84
9619,14227.5
9620,4557.9
9621,33649.79
9622,25044.48
9623,3425.83
9624,18780.7
9625,4555.5
9626,3100.49
9627,3250.82
9628,23006.8
9629,7547.49
9630,18188.2
9631,13699.9
9632,11946.0
9633,3915.8
9634,2642.45
9635,5962.0
9636,9111.89
9637,42333.5
9638,7452.39
9639,6414.5
9640,23981.81
9641,3331.48
9642,2929.8
9643,8580.0
9644,8743.48
9645,13723.5
9646,6198.99
9647,16346.44
9648,4018.99
9649,11560.32
9650,9501.5
9651,8685.49
9652,3805.0
9653,18166.75
9654,13569.52
9655,3476.0
9656,24105.0
9657,17667.13
9658,3969.6
9659,12338.74
9660,11859.99
9661,12936.99
9662,9594.0
9663,13611.83
9664,10340.0
9665,6438.49
9666,35879.99
9667,2556.0
9668,23711.44
9669,9365.0
9670,10627.31
9671,7687.43
9672,30853.91
9673,14233.84
9674,45046.82
9675,27570.61
9676,2299.48
9677,3873.99
9678,22509.5
9679,2509.0
9680,24766.42
9681,49103.97
9682,2316.99
9683,3266.0
9684,19851.99
9685,7724.99
9686,6909.5
9687,5590.0
9688,11876.08
9689,15804.45
9690,12899.5
9691,9493.5
9692,20169.77
9693,8955.0
9694,12190.04
9695,4958.0
9696,3813.46
9697,3519.0
9698,1885.99
9699,10849.99
9700,3120.49
9701,11038.0
9702,7472.02
9703,4027.98
9704,52450.48
9705,41941.5
9706,16955.0
9707,25422.94
9708,14313.49
9709,11817.5
9710,8687.89
9711,26152.47
9712,9191.48
9713,26144.94
9714,2425.5
9715,7396.0
9716,18810.0
9717,3353.79
9718,1423.5
9719,7146.97
9720,7412.84
9721,7332.33
9722,17548.38
9723,5297.48
9724,16123.98
9725,2803.43
9726,2786.99
9727,32445.99
9728,15033.29
9729,37413.59
9730,9621.99
9731,17285.98
9732,9367.76
9733,34183.4
9734,3947.5
9735,9139.94
9736,28632.67
9737,5026.39
9738,75654.46
9739,2841.99
9740,12847.0
9741,6210.35
9742,11127.18
9743,10433.8
9744,18900.46
9745,12585.96
9746,8169.54
9747,20769.44
9748,18683.46
9749,10359.0
9750,37531.44
9751,5119.99
9752,13672.42
9753,25361.4
9754,15573.09
9755,12952.98
9756,1786.5
9757,13827.97
9758,23840.99
9759,18084.5
9760,8947.49
9761,9322.0
9762,30142.5
9763,3305.01
9764,16303.48
9765,2752.0
9766,28749.46
9767,13465.0
9768,2574.48
9769,2050.0
9770,3155.6
9771,20942.99
9772,9493.49
9773,9604.5
9774,3209.3
9775,27744.93
9776,8150.97
9777,23102.45
9778,2280.5
9779,9079.0
9780,10305.5
9781,41450.99
9782,3801.0
9783,2901.98
9784,7062.02
9785,2196.47
9786,5910.5
9787,24777.44
9788,7284.83
9789,8993.5
9790,2109.99
9791,13725.92
9792,1960.49
9793,20644.73
9794,14478.1
9795,39938.96
9796,13768.15
9797,3083.0
9798,19971.49
9799,6270.49
9800,13800.43
9801,9764.84
9802,13634.08
9803,10161.48
9804,2975.49
9805,28710.07
9806,22391.5
9807,13117.99
9808,2868.47
9809,11935.0
9810,42724.28
9811,9446.99
9812,8975.5
9813,6614.28
9814,17885.37
9815,19209.4
9816,45495.39
9817,9541.5
9818,10585.03
9819,41820.39
9820,5977.31
9821,37308.08
9822,2541.75
9823,15789.65
9824,2979.47
9825,10955.99
9826,9864.0
9827,15702.49
9828,3096.49
9829,30728.73
9830,4460.5
9831,32140.97
9832,41457.48
9833,21839.99
9834,146563.49
9835,18643.58
9836,3314.5
9837,8546.5
9838,80721.0
9839,17925.84
9840,23008.0
9841,33028.02
9842,12314.57
9843,21854.78
9844,25666.49
9845,20106.46
9846,11753.5
9847,2281.79
9848,7514.49
9849,2601.5
9850,12418.46
9851,41918.5
9852,42011.54
9853,3604.49
9854,5719.0
9855,11200.49
9856,16871.5
9857,6883.48
9858,9482.5
9859,14495.5
9860,25080.5
9861,32019.97
9862,9329.98
9863,18278.96
9864,9146.49
9865,12414.53
9866,9524.49
9867,39438.97
9868,2963.48
9869,14483.9
9870,20759.05
9871,28719.0
9872,28928.02
9873,2654.15
9874,11321.5
9875,5037.34
9876,6008.5
9877,8134.5
9878,5726.75
9879,25296.5
9880,21709.5
9881,18826.94
9882,13664.68
9883,4233.5
9884,18170.68
9885,13251.0
9886,3700.5
9887,9017.49
9888,16381.49
9889,4780.0
9890,15781.48
9891,2804.48
9892,50995.18
9893,4109.0
9894,8635.5
9895,16277.0
9896,12213.49
9897,9415.99
9898,17370.48
9899,10201.06
9900,4929.58
9901,7151.0
9902,10933.5
9903,31161.46
9904,18233.51
9905,46351.57
9906,41916.43
9907,2704.48
9908,7931.97
9909,4070.9
9910,9424.0
9911,1748.5
9912,10347.49
9913,12622.5
9914,21205.5
9915,14648.5
9916,18894.92
9917,10585.0
9918,15575.5
9919,15328.17
9920,26468.78
9921,4920.29
9922,6708.49
9923,24891.99
9924,4581.49
9925,17634.49
9926,3166.34
9927,33846.48
9928,16809.0
9929,12780.99
9930,3375.88
9931,6254.99
9932,5410.49
9933,14727.5
9934,9792.83
9935,7639.34
9936,13580.97
9937,18165.18
9938,9067.0
9939,10801.76
9940,8278.34
9941,30032.97
9942,7814.48
9943,8345.0
9944,12061.0
9945,5641.0
9946,1657.98
9947,22863.78
9948,1425.18
9949,4519.49
9950,3660.47
9951,21584.01
9952,6742.49
9953,18781.49
9954,8614.5
9955,7462.0
9956,24643.88
9957,5623.48
9958,10541.5
9959,18807.26
9960,12305.4
9961,33747.97
9962,15662.32
9963,47420.0
9964,3842.99
9965,12365.5
9966,27360.0
9967,7836.0
9968,2855.5
9969,1809.46
9970,11808.49
9971,17897.0
9972,3871.37
9973,4990.38
9974,22029.72
9975,7547.67
9976,36043.05
9977,23084.02
9978,27550.99
9979,2391.99
9980,20631.49
9981,29465.0
9982,24516.38
9983,7411.69
9984,26455.49
9985,1914.47
9986,9260.0
9987,27402.96
9988,26114.5
9989,8831.5
9990,20510.45
9991,2903.5
9992,28101.33
9993,11148.48
9994,20689.9
9995,24651.49
9996,2778.47
9997,43965.94
9998,14302.93
9999,22667.2
10000,33201.5
10001,26061.29
10002,12206.5
10003,22550.47
10004,1562.46
10005,2276.58
10006,8010.5
10007,9426.84
10008,7784.0
10009,26562.45
10010,25176.98
10011,22314.97
10012,2323.89
10013,9892.0
10014,1671.42
10015,16142.96
10016,4833.47
10017,22938.32
10018,6060.64
10019,6973.83
10020,6244.7
10021,3726.9
10022,44619.99
10023,15984.89
10024,2803.5
10025,23399.97
10026,20841.06
10027,8953.31
10028,20326.0
10029,7030.88
10030,2796.49
10031,2394.48
10032,12041.5
10033,27284.97
10034,7938.14
10035,32997.96
10036,22053.96
10037,15183.84
10038,7319.0
10039,42547.51
10040,36870.5
10041,2186.49
10042,13947.49
10043,3483.0
10044,9029.5
10045,15337.58
10046,21486.5
10047,5552.19
10048,3514.0
10049,19267.0
10050,8628.5
10051,12403.5
10052,19966.5
10053,32828.0
10054,37185.34
10055,3640.5
10056,6577.65
10057,34600.66
10058,2625.5
10059,15857.35
10060,11278.49
10061,7876.5
10062,4316.39
10063,54329.99
10064,9002.01
10065,12038.0
10066,7342.84
10067,5258.48
10068,10746.5
10069,2862.92
10070,10030.0
10071,2524.0
10072,7392.98
10073,7551.99
10074,9404.0
10075,7607.02
10076,12031.47
10077,6739.29
10078,4186.0
10079,20328.66
10080,36946.45
10081,3009.23
10082,9154.49
10083,14535.45
10084,46356.5
10085,16816.5
10086,7251.72
10087,8781.5
10088,13214.47
10089,9079.98
10090,8619.98
10091,20634.7
10092,22607.92
10093,52006.98
10094,5389.5
10095,3899.7
10096,8447.99
10097,2041.98
10098,15879.58
10099,13522.0
10100,8757.5
10101,15091.07
10102,10960.09
10103,2306.99
10104,6590.0
10105,44053.49
10106,17444.49
10107,44881.44
10108,16648.49
10109,2406.98
10110,18554.47
10111,9881.5
10112,2847.84
10113,27688.0
10114,10039.95
10115,22640.15
10116,15015.0
10117,8939.5
10118,36605.96
10119,7860.0
10120,12801.9
10121,4278.5
10122,35440.21
10123,1790.99
10124,15407.48
10125,4240.0
10126,19937.8
10127,27184.28
10128,30416.99
10129,6952.46
10130,3146.5
10131,5652.49
10132,31366.79
10133,17340.99
10134,41275.98
10135,10122.74
10136,4189.0
10137,35373.98
10138,2389.5
10139,9645.0
10140,39977.84
10141,5396.5
10142,21846.49
10143,7605.0
10144,16686.97
10145,27007.0
10146,17326.47
10147,3001.4
10148,16486.39
10149,13001.48
10150,24800.86
10151,3620.3
10152,6792.96
10153,12629.0
10154,2535.98
10155,16473.0
10156,10241.41
10157,10890.5
10158,11694.49
10159,16247.0
10160,10934.0
10161,6735.5
10162,8800.99
10163,6346.78
10164,2855.87
10165,5387.0
10166,4817.49
10167,8835.49
10168,6277.98
10169,10219.88
10170,8184.49
10171,9095.95
10172,2064.5
10173,10033.51
10174,4102.0
10175,7798.5
10176,18091.0
10177,24430.96
10178,12825.98
10179,4949.99
10180,29043.33
10181,6201.0
10182,9316.0
10183,21079.84
10184,7577.5
10185,6628.84
10186,18642.8
10187,2356.99
10188,22863.91
10189,6559.32
10190,3031.47
10191,11928.5
10192,17010.97
10193,17552.5
10194,15334.99
10195,12752.82
10196,10682.0
10197,22700.9
10198,32612.0
10199,27674.97
10200,5989.98
10201,60120.04
10202,1740.47
10203,25962.49
10204,43208.97
10205,16057.43
10206,10203.98
10207,10577.49
10208,3045.97
10209,3033.83
10210,8394.41
10211,51623.39
10212,14078.57
10213,50533.99
10214,2273.37
10215,13206.43
10216,13876.48
10217,8509.0
10218,40355.98
10219,41745.58
10220,11744.0
10221,18745.82
10222,41057.0
10223,6009.47
10224,13800.68
10225,8801.5
10226,5504.5
10227,5912.95
10228,20404.44
10229,5474.99
10230,20508.49
10231,7095.99
10232,11554.34
10233,6328.92
10234,24370.5
10235,35178.47
10236,7273.62
10237,3999.49
10238,26576.49
10239,29688.44
10240,9078.31
10241,21046.44
10242,7673.83
10243,10821.94
10244,3800.0
10245,28031.02
10246,19084.5
10247,3475.47
10248,3707.98
10249,7309.97
10250,7131.49
10251,11762.08
10252,32404.46
10253,10070.99
10254,20962.97
10255,23024.46
10256,28270.96
10257,17803.68
10258,20141.13
10259,9690.5
10260,4368.97
10261,7339.89
10262,27049.89
10263,13232.33
10264,42656.5
10265,8573.5
10266,17034.01
10267,14473.88
10268,23134.34
10269,17311.81
10270,44012.5
10271,11212.47
10272,2589.0
10273,21268.97
10274,1724.5
10275,3695.7
10276,13775.0
10277,5944.48
10278,9367.24
10279,9013.97
10280,3016.37
10281,24389.5
10282,9967.95
10283,2789.99
10284,2330.99
10285,23316.02
10286,22162.99
10287,31293.48
10288,2904.25
10289,32766.08
10290,10350.64
10291,14468.49
10292,14358.0
10293,8720.44
10294,9351.5
10295,36768.49
10296,8180.0
10297,3769.0
10298,15896.39
10299,7489.0
10300,7828.48
10301,4731.64
10302,10672.89
10303,4156.98
10304,2910.0
10305,16320.0
10306,1981.0
10307,12865.49
10308,7255.9
10309,5036.01
10310,41711.48
10311,18004.97
10312,34465.47
10313,13111.46
10314,20082.5
10315,29047.94
10316,12085.99
10317,8103.48
10318,5046.5
10319,17173.99
10320,10179.83
10321,9449.5
10322,24800.0
10323,18585.89
10324,13051.48
10325,18076.99
10326,11190.5
10327,22141.76
10328,25515.99
10329,23382.5
10330,8951.99
10331,15764.03
10332,4747.98
10333,17617.48
10334,7814.0
10335,15319.1
10336,29640.85
10337,6296.0
10338,7002.02
10339,16979.02
10340,35759.46
10341,3440.48
10342,8764.0
10343,11916.5
10344,20552.49
10345,2202.48
10346,28054.5
10347,11120.0
10348,16294.0
10349,5965.34
10350,1641.0
10351,34919.23
10352,20637.74
10353,25006.75
10354,63343.2
10355,18012.01
10356,6299.18
10357,14419.0
10358,15325.98
10359,2662.99
10360,10287.49
10361,2069.98
10362,16377.49
10363,29952.27
10364,33848.97
10365,3781.0
10366,15147.51
10367,4354.0
10368,14190.0
10369,12837.22
10370,3311.95
10371,2352.8
10372,12534.18
10373,35766.98
10374,11308.99
10375,9243.74
10376,4604.49
10377,7316.99
10378,2358.49
10379,27369.5
10380,11439.49
10381,18485.67
10382,4242.0
10383,5434.99
10384,6671.5
10385,39105.33
10386,16276.48
10387,20550.38
10388,20606.48
10389,25929.1
10390,3456.29
10391,4549.6
10392,11051.28
10393,1687.4
10394,10379.5
10395,11736.33
10396,9290.99
10397,17149.48
10398,19026.99
10399,17278.48
10400,4643.0
10401,6195.12
10402,18633.38
10403,11319.0
10404,6924.0
10405,9479.95
10406,4740.84
10407,21161.57
10408,16356.87
10409,20380.41
10410,8324.5
10411,8550.49
10412,2809.99
10413,14108.96
10414,26848.87
10415,15282.82
10416,3819.0
10417,8949.0
10418,12614.5
10419,10021.93
10420,5899.5
10421,9262.0
10422,33543.0
10423,9275.5
10424,22190.56
10425,7442.0
10426,19414.41
10427,3357.49
10428,18284.8
10429,2112.5
10430,16886.3
10431,11366.01
10432,26818.26
10433,21814.0
10434,8282.32
10435,6579.99
10436,4175.5
10437,9326.5
10438,3376.09
10439,19656.5
10440,3083.0
10441,11636.5
10442,1573.83
10443,3329.26
10444,6683.0
10445,19222.99
10446,7289.98
10447,3655.46
10448,44777.48
10449,22917.9
10450,23335.65
10451,24266.5
10452,6730.88
10453,23256.0
10454,3569.99
10455,9559.99
10456,23604.34
10457,16704.99
10458,13752.08
10459,17529.5
10460,9623.4
10461,24650.0
10462,6571.82
10463,10762.01
10464,36019.99
10465,13301.5
10466,5966.99
10467,4545.0
10468,19667.0
10469,2658.49
10470,34341.49
10471,17283.49
10472,6571.14
10473,12001.99
10474,21590.51
10475,26346.97
10476,26489.19
10477,12802.48
10478,11767.72
10479,3537.49
10480,14860.43
10481,7851.0
10482,5458.62
10483,20088.01
10484,5636.26
10485,7103.34
10486,5149.99
10487,10829.98
10488,5659.97
10489,9918.99
10490,7668.34
10491,9792.49
10492,8583.99
10493,16084.49
10494,11253.34
10495,3355.0
10496,10710.44
10497,10202.72
10498,25061.34
10499,2904.96
10500,3087.44
10501,8394.5
10502,23835.46
10503,2284.49
10504,2568.47
10505,8799.05
10506,2370.09
10507,56646.86
10508,16648.6
10509,3785.97
10510,3214.5
10511,3311.5
10512,7742.5
10513,6185.73
10514,25368.92
10515,13171.99
10516,15501.12
10517,17995.45
10518,12201.0
10519,20110.02
10520,8826.0
10521,17248.49
10522,20606.94
10523,17548.47
10524,2688.47
10525,13890.5
10526,9750.08
10527,9494.44
10528,1900.0
10529,6390.99
10530,5230.0
10531,2822.5
10532,19663.49
10533,27763.3
10534,8915.84
10535,4103.99
10536,20427.75
10537,1809.49
10538,2156.99
10539,7013.0
10540,19679.98
10541,5642.02
10542,17804.5
10543,7130.0
10544,16099.99
10545,4030.99
10546,75192.39
10547,30077.4
10548,16115.12
10549,10533.5
10550,12022.84
10551,15984.47
10552,10749.5
10553,16682.5
10554,3417.99
10555,5123.98
10556,17772.24
10557,8867.5
10558,8958.0
10559,2229.5
10560,11404.06
10561,3701.3
10562,3813.5
10563,12510.0
10564,14583.74
10565,12761.0
10566,5293.99
10567,20034.52
10568,5866.73
10569,18889.0
10570,13360.98
10571,32047.98
10572,3128.46
10573,30939.99
10574,26414.99
10575,2571.48
10576,15396.4
10577,7650.98
10578,9276.0
10579,2342.49
10580,18260.51
10581,10725.28
10582,9007.99
10583,42514.26
10584,17873.95
10585,23067.2
10586,8139.63
10587,6020.99
10588,9306.31
10589,6823.17
10590,11984.0
10591,1641.28
10592,27185.17
10593,7985.75
10594,9223.5
10595,1805.0
10596,17951.47
10597,2018.0
10598,4396.98
10599,22008.97
10600,2101.5
10601,54382.98
10602,19853.97
10603,3456.5
10604,1532.49
10605,7563.84
10606,5436.48
10607,2120.0
10608,14869.08
10609,53179.48
10610,1699.48
10611,5067.49
10612,2417.99
10613,2357.5
10614,7044.81
10615,12214.0
10616,1982.98
10617,17593.26
10618,12782.98
10619,15282.0
10620,3238.0
10621,28018.86
10622,10881.5
10623,14794.5
10624,3147.46
10625,8614.49
10626,16767.5
10627,21623.98
10628,3406.88
10629,8611.01
10630,7182.49
10631,6235.3
10632,2596.48
10633,5338.83
10634,23018.99
10635,74428.5
10636,26249.99
10637,10223.5
10638,15450.87
10639,52746.77
10640,11015.99
10641,11470.0
10642,7014.5
10643,11802.99
10644,11960.54
10645,7091.16
10646,7213.5
10647,17785.53
10648,8447.5
10649,8141.99
10650,17571.99
10651,20008.97
10652,5455.0
10653,9728.93
10654,25225.45
10655,26510.5
10656,25446.98
10657,22799.97
10658,38656.98
10659,8545.48
10660,17209.97
10661,11734.99
10662,9706.9
10663,9408.5
10664,27020.49
10665,15622.95
10666,9010.45
10667,14604.34
10668,19052.71
10669,46022.41
10670,9366.49
10671,16034.4
10672,19322.18
10673,25140.37
10674,4930.49
10675,4279.0
10676,25332.99
10677,5746.49
10678,19626.41
10679,12489.19
10680,35544.59
10681,5525.5
10682,15420.97
10683,7370.61
10684,11581.84
10685,26109.17
10686,4876.0
10687,2827.5
10688,2658.95
10689,18187.0
10690,45307.82
10691,11121.49
10692,7192.0
10693,2584.0
10694,22058.89
10695,11941.24
10696,2845.5
10697,30068.06
10698,10096.99
10699,8387.5
10700,8980.0
10701,7648.5
10702,2347.99
10703,11363.81
10704,12931.5
10705,7693.5
10706,14715.5
10707,14074.89
10708,3345.47
10709,6397.5
10710,12441.0
10711,12640.3
10712,13528.0
10713,25107.5
10714,3717.96
10715,10364.49
10716,11141.96
10717,10912.9
10718,19086.97
10719,6652.5
10720,20285.99
10721,26563.13
10722,30728.5
10723,7726.5
10724,6878.5
10725,3591.45
10726,48461.88
10727,24400.47
10728,4612.5
10729,4808.83
10730,23804.99
10731,8095.34
10732,12295.48
10733,21591.98
10734,6809.49
10735,2156.09
10736,23894.9
10737,8030.0
10738,3590.05
10739,6497.49
10740,13064.0
10741,8111.9
10742,13744.99
10743,13118.97
10744,13390.39
10745,7522.32
10746,5773.99
10747,5617.5
10748,17023.48
10749,14840.51
10750,17563.98
10751,126013.5
10752,13348.84
10753,16609.9
10754,60007.04
10755,20633.99
10756,16678.0
10757,21006.68
10758,46825.48
10759,5019.78
10760,5932.79
10761,3712.5
10762,16122.5
10763,17391.54
10764,29414.0
10765,14681.97
10766,6771.99
10767,21530.99
10768,4047.96
10769,7406.5
10770,9052.98
10771,24227.99
10772,10296.0
10773,8956.49
10774,8725.0
10775,8316.0
10776,23336.5
10777,12075.96
10778,5106.49
10779,21699.84
10780,17713.61
10781,6845.06
10782,6212.5
10783,14359.42
10784,7418.82
10785,3438.46
10786,34044.47
10787,5527.49
10788,17898.34
10789,17203.97
10790,8242.4
10791,8469.5
10792,36094.32
10793,14002.5
10794,15445.49
10795,17518.42
10796,6717.99
10797,16317.99
10798,16008.0
10799,6611.5
10800,18310.0
10801,25672.47
10802,17837.49
10803,6481.0
10804,7154.92
10805,6784.98
10806,17359.44
10807,2276.68
10808,6172.45
10809,9587.46
10810,10381.48
10811,3656.68
10812,3511.24
10813,21356.99
10814,23814.5
10815,7434.98
10816,2030.99
10817,17288.8
10818,6247.57
10819,19238.48
10820,15016.0
10821,2959.97
10822,34864.83
10823,10938.0
10824,15519.0
10825,1894.5
10826,2944.0
10827,18720.46
10828,13758.99
10829,7641.0
10830,5125.9
10831,11745.0
10832,9041.5
10833,10688.03
10834,12951.88
10835,6834.5
10836,19209.98
10837,24481.39
10838,12128.43
10839,34493.15
10840,9428.5
10841,14811.84
10842,15517.99
10843,15673.06
10844,7475.54
10845,11967.99
10846,4273.49
10847,9047.5
10848,8806.48
10849,19487.38
10850,3184.0
10851,5460.99
10852,31584.49
10853,12136.0
10854,17279.99
10855,44157.49
10856,22096.49
10857,6936.03
10858,13426.47
10859,10973.18
10860,4386.8
10861,3962.5
10862,5421.97
10863,6654.99
10864,8565.99
10865,2803.82
10866,23816.96
10867,9740.37
10868,9698.5
10869,17294.24
10870,14828.43
10871,9204.0
10872,2255.49
10873,11842.49
10874,19694.0
10875,26860.45
10876,2454.48
10877,49426.5
10878,7303.64
10879,5440.5
10880,12587.5
10881,12984.97
10882,16050.62
10883,17444.67
10884,10042.84
10885,8359.5
10886,22660.37
10887,33644.34
10888,28288.0
10889,2944.96
10890,8846.37
10891,17552.38
10892,21591.5
10893,3078.47
10894,4322.33
10895,1844.98
10896,6732.49
10897,4912.04
10898,24242.47
10899,37503.27
10900,13429.5
10901,25453.27
10902,25852.98
10903,16009.49
10904,34369.49
10905,6926.5
10906,27862.49
10907,2653.48
10908,29714.71
10909,8213.0
10910,22067.0
10911,4061.0
10912,26845.99
10913,16925.5
10914,2822.99
10915,1823.5
10916,3727.47
10917,9771.86
10918,2236.99
10919,20327.19
10920,33772.99
10921,3322.79
10922,13391.21
10923,45382.0
10924,7604.82
10925,8286.49
10926,58010.98
10927,2764.06
10928,6525.85
10929,4183.69
10930,37223.84
10931,15998.88
10932,22320.5
10933,17185.09
10934,3197.6
10935,15387.98
10936,4870.8
10937,28191.47
10938,25149.49
10939,11213.34
10940,65715.5
10941,11279.24
10942,12403.0
10943,17393.33
10944,11408.44
10945,27377.89
10946,12173.49
10947,12058.0
10948,26730.49
10949,3685.49
10950,13407.83
10951,3370.0
10952,24610.42
10953,7086.0
10954,8966.5
10955,19305.0
10956,1743.0
10957,15314.97
10958,1921.8
10959,15217.46
10960,14453.72
10961,32303.0
10962,2390.48
10963,11472.59
10964,8534.5
10965,13647.5
10966,2223.5
10967,14314.84
10968,7800.49
10969,10981.99
10970,11783.23
10971,3950.4
10972,25443.49
10973,33558.47
10974,10262.49
10975,5839.5
10976,45757.0
10977,21709.01
10978,6805.95
10979,16906.98
10980,6383.49
10981,2495.5
10982,22376.44
10983,15871.44
10984,9625.71
10985,2464.99
10986,9091.21
10987,17485.88
10988,21754.93
10989,9494.5
10990,11259.99
10991,2181.0
10992,14805.56
10993,15665.96
10994,3320.48
10995,7139.17
10996,8447.0
10997,4754.6
10998,3976.0
10999,13106.84
11000,42697.32
11001,2514.0
11002,6530.95
11003,2331.5
11004,3516.32
11005,8770.5
11006,26394.96
11007,2687.83
11008,2487.0
11009,16623.49
11010,7981.5
11011,7617.4
11012,12443.49
11013,23831.41
11014,13896.0
11015,5081.83
11016,10115.0
11017,35531.82
11018,20535.26
11019,4481.49
11020,24255.66
11021,3947.49
11022,2295.0
11023,2305.98
11024,6281.6
11025,4066.49
11026,8966.4
11027,7681.5
11028,12144.49
11029,12554.0
11030,5572.99
11031,10210.84
11032,2101.8
11033,2055.0
11034,8440.34
11035,36321.09
11036,10618.5
11037,62200.59
11038,9007.99
11039,2112.97
11040,42831.94
11041,17409.0
11042,25124.99
11043,1722.0
11044,26543.95
11045,11473.5
11046,14841.33
11047,4918.0
11048,1554.95
11049,8290.96
11050,21200.76
11051,2836.99
11052,4730.2
11053,3659.5
11054,2033.5
11055,10637.51
11056,22584.67
11057,2207.0
11058,3486.83
11059,10145.49
11060,11301.56
11061,6986.0
11062,14687.5
11063,3996.49
11064,8542.99
11065,40490.44
11066,4575.5
11067,22967.98
11068,35973.8
11069,18559.98
11070,38101.24
11071,21623.5
11072,28429.45
11073,2676.0
11074,12734.14
11075,26426.95
11076,15259.82
11077,3455.49
11078,4810.4
11079,14292.82
11080,17277.49
11081,12162.49
11082,31136.6
11083,9439.5
11084,46240.0
11085,27834.96
11086,45905.47
11087,2485.5
11088,17483.59
11089,11095.46
11090,3420.33
11091,3739.48
11092,6269.5
11093,16780.85
11094,7418.49
11095,13703.51
11096,11095.0
11097,13940.98
11098,13939.48
11099,15780.47
11100,3550.47
11101,5604.99
11102,10821.84
11103,28701.98
11104,8774.0
11105,15999.49
11106,16841.0
11107,3093.32
11108,24789.59
11109,6643.5
11110,2250.99
11111,14617.46
11112,10329.97
11113,6527.82
11114,16937.49
11115,55296.0
11116,20263.5
11117,6130.99
11118,8205.02
11119,15544.97
11120,1961.5
11121,33363.0
11122,6642.49
11123,8619.5
11124,2815.97
11125,11635.04
11126,13164.5
11127,32878.0
11128,9529.31
11129,8351.5
11130,9340.34
11131,19450.58
11132,22484.25
11133,6446.47
11134,16107.5
11135,3669.5
11136,16349.25
11137,29517.5
11138,4147.0
11139,22892.31
11140,3111.43
11141,15423.0
11142,13940.47
11143,6712.0
11144,6326.5
11145,14019.5
11146,25007.41
11147,42082.88
11148,8261.0
11149,31409.97
11150,15100.34
11151,5517.33
11152,3457.99
11153,2594.97
11154,12739.99
11155,11219.5
11156,25261.19
11157,1551.5
11158,7450.49
11159,29982.5
11160,3912.34
11161,4391.05
11162,5774.49
11163,10320.0
11164,2115.49
11165,15847.56
11166,13304.5
11167,3748.46
11168,2782.5
11169,22212.45
11170,29068.67
11171,14090.48
11172,22653.91
11173,12626.12
11174,231441.84
11175,14072.0
11176,4422.0
11177,14781.98
11178,28691.38
11179,24336.39
11180,15613.48
11181,10638.45
11182,20117.48
11183,6254.23
11184,5657.83
11185,22372.0
11186,9466.0
11187,7825.04
11188,13179.0
11189,7732.9
11190,19605.5
11191,23339.5
11192,17758.47
11193,6104.5
11194,28747.8
11195,27527.5
11196,18179.75
11197,18338.7
11198,10387.34
11199,12675.5
11200,23658.49
11201,46284.43
11202,28778.49
11203,9079.72
11204,21930.47
11205,2198.48
11206,12463.5
11207,18274.47
11208,27004.97
11209,3044.89
11210,34061.63
11211,6437.25
11212,25227.0
11213,41168.96
11214,6086.48
11215,8270.2
11216,5596.48
11217,19090.5
11218,27181.39
11219,2427.49
11220,23301.0
11221,25056.99
11222,2122.07
11223,7199.48
11224,21974.99
11225,29376.34
11226,22809.55
11227,31380.46
11228,5859.35
11229,18222.12
11230,27390.74
11231,28955.0
11232,3103.0
11233,36803.18
11234,3683.0
11235,6142.84
11236,14827.48
11237,6939.5
11238,6269.0
11239,14166.99
11240,18951.49
11241,3290.5
11242,3999.48
11243,16709.43
11244,18321.56
11245,4218.5
11246,2572.49
11247,10808.49
11248,14241.34
11249,7963.0
11250,8556.98
11251,7662.73
11252,7254.98
11253,9747.31
11254,14281.5
11255,12291.48
11256,3799.0
11257,10217.39
11258,8853.34
11259,18992.0
11260,37881.48
11261,13757.95
11262,28831.41
11263,20138.0
11264,5874.0
11265,20768.99
11266,17165.94
11267,16963.96
11268,21603.99
11269,20560.22
11270,8685.47
11271,14493.97
11272,10440.42
11273,21293.49
11274,44835.95
11275,2888.01
11276,21286.4
11277,2333.5
11278,22745.48
11279,9856.02
11280,4840.5
11281,11687.41
11282,23251.76
11283,16147.95
11284,3496.0
11285,18216.82
11286,3278.99
11287,5213.5
11288,3702.45
11289,3790.0
11290,25117.84
11291,3669.5
11292,21290.06
11293,3320.0
11294,1895.0
11295,5149.47
11296,3078.47
11297,5768.49
11298,7159.54
11299,2427.98
11300,24186.48
11301,19837.98
11302,3241.0
11303,12245.07
11304,6936.95
11305,3843.0
11306,12089.84
11307,49994.98
11308,8155.48
11309,11402.99
11310,2069.49
11311,5030.0
11312,2572.3
11313,35308.99
11314,31869.5
11315,29621.59
11316,85828.87
11317,3464.48
11318,2813.5
11319,19307.44
11320,5420.83
11321,12674.17
11322,20875.1
11323,13524.47
11324,13578.68
11325,12645.27
11326,13525.96
11327,2387.99
11328,3093.5
11329,17242.73
11330,8032.47
11331,23906.49
11332,22916.25
11333,6421.6
11334,6388.83
11335,18484.83
11336,4896.94
11337,9021.5
11338,10047.34
11339,52428.99
11340,14910.34
11341,9226.99
11342,30345.67
11343,3656.49
11344,8922.0
11345,7463.32
11346,7390.96
11347,14939.99
11348,2862.5
11349,27107.48
11350,13712.5
11351,6080.0
11352,20920.53
11353,6071.0
11354,8951.0
11355,18353.08
11356,1749.0
11357,29406.49
11358,27352.32
11359,6122.83
11360,1980.98
11361,2808.25
11362,26626.47
11363,15167.36
11364,6871.0
11365,17658.5
11366,2773.5
11367,6571.0
11368,5310.98
11369,7334.0
11370,4648.49
11371,19805.34
11372,6894.59
11373,5525.0
11374,1572.99
11375,47890.36
11376,2933.39
11377,84346.04
11378,29320.43
11379,13278.5
11380,3842.8
11381,27674.98
11382,3848.0
11383,16599.42
11384,6086.48
11385,2614.99
11386,9039.5
11387,1940.0
11388,7450.48
11389,10284.38
11390,15551.19
11391,24425.1
11392,6303.0
11393,29235.88
11394,2788.99
11395,7071.48
11396,12186.58
11397,22038.84
11398,50538.5
11399,27979.8
11400,6194.33
11401,3457.0
11402,15496.94
11403,18924.36
11404,23016.5
11405,30251.5
11406,11508.04
11407,3215.0
11408,21129.49
11409,30861.16
11410,13288.5
11411,20052.51
11412,9658.0
11413,23008.5
11414,128520.49
11415,12734.0
11416,1626.0
11417,69955.48
11418,6570.5
11419,27993.91
11420,7475.52
11421,3763.5
11422,41402.1
11423,15584.0
11424,2551.99
11425,22450.97
11426,5289.0
11427,12405.61
11428,7537.0
11429,27196.01
11430,1695.44
11431,20908.62
11432,18363.47
11433,8188.83
11434,10781.39
11435,29087.96
11436,18000.49
11437,16453.99
11438,2753.97
11439,12565.48
11440,13827.0
11441,8664.49
11442,4766.0
11443,16299.74
11444,63301.48
11445,21980.5
11446,5788.98
11447,2353.5
11448,4732.99
11449,18816.99
11450,8184.0
11451,9902.5
11452,12993.0
11453,2477.99
11454,27507.48
11455,15609.73
11456,4511.0
11457,2110.0
11458,16360.94
11459,13281.8
11460,7203.39
11461,12434.68
11462,10774.5
11463,17320.04
11464,20340.47
11465,4438.49
11466,14449.85
11467,53050.49
11468,13663.49
11469,20373.15
11470,26438.49
11471,12243.99
11472,47986.47
11473,7448.99
11474,26529.68
11475,15962.0
11476,17371.41
11477,1792.46
11478,19122.11
11479,7579.0
11480,7377.34
11481,2665.0
11482,8582.5
11483,12675.25
11484,7132.5
11485,8780.5
11486,1614.99
11487,8443.48
11488,1751.97
11489,18425.0
11490,2307.3
11491,9746.99
11492,8940.0
11493,17594.49
11494,15448.48
11495,2963.83
11496,2903.0
11497,23480.2
11498,15704.25
11499,12510.47
11500,4734.5
11501,22104.27
11502,24998.71
11503,4859.52
11504,22719.0
11505,3228.99
